product_id,name,category,brand,price,description
1,Apple Football,Sports,Apple,29569,Apple Football in Sports category with premium quality features.
2,Apple Math Book,Books,Apple,3599,Apple Math Book in Books category with premium quality features.
3,Adidas Jacket,Fashion,Adidas,94188,Adidas Jacket in Fashion category with premium quality features.
4,Apple Business Book,Books,Apple,90338,Apple Business Book in Books category with premium quality features.
5,Loreal Smart Watch,Electronics,Loreal,6281,Loreal Smart Watch in Electronics category with premium quality features.
6,Nivea Air Purifier,Home Appliances,Nivea,56939,Nivea Air Purifier in Home Appliances category with premium quality features.
7,Acer Iron,Home Appliances,Acer,3469,Acer Iron in Home Appliances category with premium quality features.
8,Philips Programming Book,Books,Philips,52890,Philips Programming Book in Books category with premium quality features.
9,Mi Earbuds,Electronics,Mi,49359,Mi Earbuds in Electronics category with premium quality features.
10,HP Novel,Books,HP,66248,HP Novel in Books category with premium quality features.
11,Adidas Face Cream,Beauty,Adidas,28817,Adidas Face Cream in Beauty category with premium quality features.
12,Apple Story Book,Books,Apple,26841,Apple Story Book in Books category with premium quality features.
13,Lenovo Smart Watch,Electronics,Lenovo,41707,Lenovo Smart Watch in Electronics category with premium quality features.
14,Himalaya Programming Book,Books,Himalaya,67233,Himalaya Programming Book in Books category with premium quality features.
15,Himalaya Keyboard,Electronics,Himalaya,69044,Himalaya Keyboard in Electronics category with premium quality features.
16,Nivea Keyboard,Electronics,Nivea,49305,Nivea Keyboard in Electronics category with premium quality features.
17,Puma Sunscreen,Beauty,Puma,27320,Puma Sunscreen in Beauty category with premium quality features.
18,Samsung Deodorant,Beauty,Samsung,42983,Samsung Deodorant in Beauty category with premium quality features.
19,Adidas Ceiling Fan,Home Appliances,Adidas,76383,Adidas Ceiling Fan in Home Appliances category with premium quality features.
20,Loreal Hoodie,Fashion,Loreal,29565,Loreal Hoodie in Fashion category with premium quality features.
21,Adidas Refrigerator,Home Appliances,Adidas,66456,Adidas Refrigerator in Home Appliances category with premium quality features.
22,LG Face Wash,Beauty,LG,47673,LG Face Wash in Beauty category with premium quality features.
23,Himalaya AI Book,Books,Himalaya,62421,Himalaya AI Book in Books category with premium quality features.
24,HP Earbuds,Electronics,HP,80697,HP Earbuds in Electronics category with premium quality features.
25,LG Earbuds,Electronics,LG,99824,LG Earbuds in Electronics category with premium quality features.
26,Boat Face Cream,Beauty,Boat,77136,Boat Face Cream in Beauty category with premium quality features.
27,Mi Air Cooler,Home Appliances,Mi,40852,Mi Air Cooler in Home Appliances category with premium quality features.
28,Mi Sneakers,Fashion,Mi,68729,Mi Sneakers in Fashion category with premium quality features.
29,Dell Beard Oil,Beauty,Dell,94267,Dell Beard Oil in Beauty category with premium quality features.
30,Himalaya Beard Oil,Beauty,Himalaya,18237,Himalaya Beard Oil in Beauty category with premium quality features.
31,Puma Sneakers,Fashion,Puma,76300,Puma Sneakers in Fashion category with premium quality features.
32,Apple Watch,Fashion,Apple,95441,Apple Watch in Fashion category with premium quality features.
33,Himalaya Mixer,Home Appliances,Himalaya,94912,Himalaya Mixer in Home Appliances category with premium quality features.
34,OnePlus Basketball,Sports,OnePlus,5730,OnePlus Basketball in Sports category with premium quality features.
35,Nivea Gym Gloves,Sports,Nivea,44795,Nivea Gym Gloves in Sports category with premium quality features.
36,Lenovo Vacuum Cleaner,Home Appliances,Lenovo,81710,Lenovo Vacuum Cleaner in Home Appliances category with premium quality features.
37,Acer Shoes,Fashion,Acer,64744,Acer Shoes in Fashion category with premium quality features.
38,Sony Story Book,Books,Sony,22289,Sony Story Book in Books category with premium quality features.
39,Mi Gym Gloves,Sports,Mi,59394,Mi Gym Gloves in Sports category with premium quality features.
40,Realme Sports Shoes,Sports,Realme,54369,Realme Sports Shoes in Sports category with premium quality features.
41,Nivea Dumbbells,Sports,Nivea,80204,Nivea Dumbbells in Sports category with premium quality features.
42,Samsung Iron,Home Appliances,Samsung,10598,Samsung Iron in Home Appliances category with premium quality features.
43,Realme Exam Guide,Books,Realme,98436,Realme Exam Guide in Books category with premium quality features.
44,Dell Sunglasses,Fashion,Dell,48698,Dell Sunglasses in Fashion category with premium quality features.
45,Himalaya Science Book,Books,Himalaya,59747,Himalaya Science Book in Books category with premium quality features.
46,OnePlus Hoodie,Fashion,OnePlus,13285,OnePlus Hoodie in Fashion category with premium quality features.
47,Nike Face Wash,Beauty,Nike,17834,Nike Face Wash in Beauty category with premium quality features.
48,Apple Sports Shoes,Sports,Apple,71900,Apple Sports Shoes in Sports category with premium quality features.
49,Lenovo Math Book,Books,Lenovo,70669,Lenovo Math Book in Books category with premium quality features.
50,Mi Microwave,Home Appliances,Mi,94714,Mi Microwave in Home Appliances category with premium quality features.
51,Acer Jacket,Fashion,Acer,21359,Acer Jacket in Fashion category with premium quality features.
52,Sony Shampoo,Beauty,Sony,53266,Sony Shampoo in Beauty category with premium quality features.
53,OnePlus Shoes,Fashion,OnePlus,14613,OnePlus Shoes in Fashion category with premium quality features.
54,Himalaya Biography,Books,Himalaya,68432,Himalaya Biography in Books category with premium quality features.
55,Acer Cricket Bat,Sports,Acer,89188,Acer Cricket Bat in Sports category with premium quality features.
56,Philips Smartphone,Electronics,Philips,7630,Philips Smartphone in Electronics category with premium quality features.
57,Himalaya Helmet,Sports,Himalaya,33646,Himalaya Helmet in Sports category with premium quality features.
58,Loreal Deodorant,Beauty,Loreal,15168,Loreal Deodorant in Beauty category with premium quality features.
59,Puma Face Wash,Beauty,Puma,91676,Puma Face Wash in Beauty category with premium quality features.
60,Philips Math Book,Books,Philips,42301,Philips Math Book in Books category with premium quality features.
61,Samsung AI Book,Books,Samsung,97495,Samsung AI Book in Books category with premium quality features.
62,Lenovo Hair Oil,Beauty,Lenovo,72867,Lenovo Hair Oil in Beauty category with premium quality features.
63,OnePlus Power Bank,Electronics,OnePlus,83236,OnePlus Power Bank in Electronics category with premium quality features.
64,Dell Air Cooler,Home Appliances,Dell,22164,Dell Air Cooler in Home Appliances category with premium quality features.
65,Realme Cricket Bat,Sports,Realme,93328,Realme Cricket Bat in Sports category with premium quality features.
66,Samsung Cricket Bat,Sports,Samsung,7930,Samsung Cricket Bat in Sports category with premium quality features.
67,LG Biography,Books,LG,49778,LG Biography in Books category with premium quality features.
68,Nivea Cricket Bat,Sports,Nivea,45693,Nivea Cricket Bat in Sports category with premium quality features.
69,OnePlus Novel,Books,OnePlus,25868,OnePlus Novel in Books category with premium quality features.
70,Acer Cap,Fashion,Acer,66396,Acer Cap in Fashion category with premium quality features.
71,Asus Sunscreen,Beauty,Asus,55861,Asus Sunscreen in Beauty category with premium quality features.
72,Philips Sunglasses,Fashion,Philips,19432,Philips Sunglasses in Fashion category with premium quality features.
73,Samsung Tablet,Electronics,Samsung,2211,Samsung Tablet in Electronics category with premium quality features.
74,HP Skipping Rope,Sports,HP,44867,HP Skipping Rope in Sports category with premium quality features.
75,Lenovo Air Purifier,Home Appliances,Lenovo,42699,Lenovo Air Purifier in Home Appliances category with premium quality features.
76,Boat Shirt,Fashion,Boat,84277,Boat Shirt in Fashion category with premium quality features.
77,Loreal Football,Sports,Loreal,2701,Loreal Football in Sports category with premium quality features.
78,OnePlus Science Book,Books,OnePlus,84857,OnePlus Science Book in Books category with premium quality features.
79,Asus Refrigerator,Home Appliances,Asus,41541,Asus Refrigerator in Home Appliances category with premium quality features.
80,Puma T-Shirt,Fashion,Puma,45426,Puma T-Shirt in Fashion category with premium quality features.
81,OnePlus Face Cream,Beauty,OnePlus,95378,OnePlus Face Cream in Beauty category with premium quality features.
82,Adidas Programming Book,Books,Adidas,47861,Adidas Programming Book in Books category with premium quality features.
83,Philips Iron,Home Appliances,Philips,84143,Philips Iron in Home Appliances category with premium quality features.
84,Lenovo Sunscreen,Beauty,Lenovo,77552,Lenovo Sunscreen in Beauty category with premium quality features.
85,Lenovo Smartphone,Electronics,Lenovo,16652,Lenovo Smartphone in Electronics category with premium quality features.
86,Loreal Novel,Books,Loreal,34843,Loreal Novel in Books category with premium quality features.
87,Samsung Math Book,Books,Samsung,89229,Samsung Math Book in Books category with premium quality features.
88,Nivea Monitor,Electronics,Nivea,70148,Nivea Monitor in Electronics category with premium quality features.
89,Philips Skipping Rope,Sports,Philips,30129,Philips Skipping Rope in Sports category with premium quality features.
90,HP Math Book,Books,HP,21385,HP Math Book in Books category with premium quality features.
91,HP AI Book,Books,HP,48932,HP AI Book in Books category with premium quality features.
92,Philips Smart Watch,Electronics,Philips,65770,Philips Smart Watch in Electronics category with premium quality features.
93,Mi Sunglasses,Fashion,Mi,35684,Mi Sunglasses in Fashion category with premium quality features.
94,Loreal Shirt,Fashion,Loreal,45751,Loreal Shirt in Fashion category with premium quality features.
95,Lenovo Water Heater,Home Appliances,Lenovo,44683,Lenovo Water Heater in Home Appliances category with premium quality features.
96,Puma Business Book,Books,Puma,39307,Puma Business Book in Books category with premium quality features.
97,Mi Earbuds,Electronics,Mi,27298,Mi Earbuds in Electronics category with premium quality features.
98,Mi Monitor,Electronics,Mi,83772,Mi Monitor in Electronics category with premium quality features.
99,Puma Laptop,Electronics,Puma,48748,Puma Laptop in Electronics category with premium quality features.
100,Nike Story Book,Books,Nike,92281,Nike Story Book in Books category with premium quality features.
101,Asus Smart Watch,Electronics,Asus,98594,Asus Smart Watch in Electronics category with premium quality features.
102,Philips Novel,Books,Philips,78190,Philips Novel in Books category with premium quality features.
103,Boat Iron,Home Appliances,Boat,36395,Boat Iron in Home Appliances category with premium quality features.
104,Mi History Book,Books,Mi,70755,Mi History Book in Books category with premium quality features.
105,Boat Dumbbells,Sports,Boat,59411,Boat Dumbbells in Sports category with premium quality features.
106,Philips Monitor,Electronics,Philips,70002,Philips Monitor in Electronics category with premium quality features.
107,Dell Beard Oil,Beauty,Dell,26421,Dell Beard Oil in Beauty category with premium quality features.
108,Mi Math Book,Books,Mi,26202,Mi Math Book in Books category with premium quality features.
109,Realme Skipping Rope,Sports,Realme,73728,Realme Skipping Rope in Sports category with premium quality features.
110,Asus Speaker,Electronics,Asus,19298,Asus Speaker in Electronics category with premium quality features.
111,Boat History Book,Books,Boat,59144,Boat History Book in Books category with premium quality features.
112,Nike Novel,Books,Nike,36556,Nike Novel in Books category with premium quality features.
113,Nivea Dumbbells,Sports,Nivea,47415,Nivea Dumbbells in Sports category with premium quality features.
114,Acer Face Cream,Beauty,Acer,67876,Acer Face Cream in Beauty category with premium quality features.
115,Himalaya Shirt,Fashion,Himalaya,63886,Himalaya Shirt in Fashion category with premium quality features.
116,Mi Basketball,Sports,Mi,90508,Mi Basketball in Sports category with premium quality features.
117,Boat Washing Machine,Home Appliances,Boat,27568,Boat Washing Machine in Home Appliances category with premium quality features.
118,Adidas Earbuds,Electronics,Adidas,42298,Adidas Earbuds in Electronics category with premium quality features.
119,Apple Beard Oil,Beauty,Apple,90666,Apple Beard Oil in Beauty category with premium quality features.
120,Puma Monitor,Electronics,Puma,38031,Puma Monitor in Electronics category with premium quality features.
121,Nike Cap,Fashion,Nike,84310,Nike Cap in Fashion category with premium quality features.
122,Nivea Monitor,Electronics,Nivea,94528,Nivea Monitor in Electronics category with premium quality features.
123,Dell Tablet,Electronics,Dell,25426,Dell Tablet in Electronics category with premium quality features.
124,Realme Earbuds,Electronics,Realme,69468,Realme Earbuds in Electronics category with premium quality features.
125,Boat Vacuum Cleaner,Home Appliances,Boat,22051,Boat Vacuum Cleaner in Home Appliances category with premium quality features.
126,Asus Vacuum Cleaner,Home Appliances,Asus,80495,Asus Vacuum Cleaner in Home Appliances category with premium quality features.
127,Dell Basketball,Sports,Dell,37875,Dell Basketball in Sports category with premium quality features.
128,OnePlus Programming Book,Books,OnePlus,97138,OnePlus Programming Book in Books category with premium quality features.
129,Dell Iron,Home Appliances,Dell,23214,Dell Iron in Home Appliances category with premium quality features.
130,LG Body Lotion,Beauty,LG,20028,LG Body Lotion in Beauty category with premium quality features.
131,OnePlus Skipping Rope,Sports,OnePlus,77863,OnePlus Skipping Rope in Sports category with premium quality features.
132,Apple Deodorant,Beauty,Apple,95373,Apple Deodorant in Beauty category with premium quality features.
133,Nike Deodorant,Beauty,Nike,39159,Nike Deodorant in Beauty category with premium quality features.
134,Nike Novel,Books,Nike,25791,Nike Novel in Books category with premium quality features.
135,Sony Shampoo,Beauty,Sony,88243,Sony Shampoo in Beauty category with premium quality features.
136,Realme AI Book,Books,Realme,90972,Realme AI Book in Books category with premium quality features.
137,Philips Body Lotion,Beauty,Philips,40563,Philips Body Lotion in Beauty category with premium quality features.
138,Acer Ceiling Fan,Home Appliances,Acer,45381,Acer Ceiling Fan in Home Appliances category with premium quality features.
139,Asus Ceiling Fan,Home Appliances,Asus,24565,Asus Ceiling Fan in Home Appliances category with premium quality features.
140,Nike Watch,Fashion,Nike,57296,Nike Watch in Fashion category with premium quality features.
141,Realme Speaker,Electronics,Realme,21136,Realme Speaker in Electronics category with premium quality features.
142,Nivea Washing Machine,Home Appliances,Nivea,85071,Nivea Washing Machine in Home Appliances category with premium quality features.
143,Realme Jeans,Fashion,Realme,36692,Realme Jeans in Fashion category with premium quality features.
144,Samsung Laptop,Electronics,Samsung,57551,Samsung Laptop in Electronics category with premium quality features.
145,Boat Keyboard,Electronics,Boat,10667,Boat Keyboard in Electronics category with premium quality features.
146,LG AI Book,Books,LG,55333,LG AI Book in Books category with premium quality features.
147,Apple Tablet,Electronics,Apple,78798,Apple Tablet in Electronics category with premium quality features.
148,Nike Sneakers,Fashion,Nike,26539,Nike Sneakers in Fashion category with premium quality features.
149,Puma Earbuds,Electronics,Puma,73969,Puma Earbuds in Electronics category with premium quality features.
150,Lenovo Iron,Home Appliances,Lenovo,4408,Lenovo Iron in Home Appliances category with premium quality features.
151,HP Air Cooler,Home Appliances,HP,63152,HP Air Cooler in Home Appliances category with premium quality features.
152,Lenovo Mouse,Electronics,Lenovo,71994,Lenovo Mouse in Electronics category with premium quality features.
153,Adidas Iron,Home Appliances,Adidas,62561,Adidas Iron in Home Appliances category with premium quality features.
154,Himalaya Mouse,Electronics,Himalaya,67431,Himalaya Mouse in Electronics category with premium quality features.
155,Nike Washing Machine,Home Appliances,Nike,39626,Nike Washing Machine in Home Appliances category with premium quality features.
156,Apple History Book,Books,Apple,28408,Apple History Book in Books category with premium quality features.
157,Acer Jeans,Fashion,Acer,97099,Acer Jeans in Fashion category with premium quality features.
158,Lenovo Power Bank,Electronics,Lenovo,45929,Lenovo Power Bank in Electronics category with premium quality features.
159,Nike Smart Watch,Electronics,Nike,7787,Nike Smart Watch in Electronics category with premium quality features.
160,Samsung Mixer,Home Appliances,Samsung,38035,Samsung Mixer in Home Appliances category with premium quality features.
161,Mi T-Shirt,Fashion,Mi,37684,Mi T-Shirt in Fashion category with premium quality features.
162,Nivea Deodorant,Beauty,Nivea,70848,Nivea Deodorant in Beauty category with premium quality features.
163,Lenovo Exam Guide,Books,Lenovo,96213,Lenovo Exam Guide in Books category with premium quality features.
164,Samsung Shoes,Fashion,Samsung,32873,Samsung Shoes in Fashion category with premium quality features.
165,HP Helmet,Sports,HP,55372,HP Helmet in Sports category with premium quality features.
166,Adidas Helmet,Sports,Adidas,29921,Adidas Helmet in Sports category with premium quality features.
167,Puma Dumbbells,Sports,Puma,73527,Puma Dumbbells in Sports category with premium quality features.
168,Samsung Mixer,Home Appliances,Samsung,25234,Samsung Mixer in Home Appliances category with premium quality features.
169,Lenovo Skipping Rope,Sports,Lenovo,50662,Lenovo Skipping Rope in Sports category with premium quality features.
170,Nivea Power Bank,Electronics,Nivea,57290,Nivea Power Bank in Electronics category with premium quality features.
171,HP Novel,Books,HP,16283,HP Novel in Books category with premium quality features.
172,Samsung Sports Shoes,Sports,Samsung,29441,Samsung Sports Shoes in Sports category with premium quality features.
173,Lenovo Face Cream,Beauty,Lenovo,28602,Lenovo Face Cream in Beauty category with premium quality features.
174,Lenovo Lip Balm,Beauty,Lenovo,60283,Lenovo Lip Balm in Beauty category with premium quality features.
175,Puma Perfume,Beauty,Puma,97003,Puma Perfume in Beauty category with premium quality features.
176,HP Speaker,Electronics,HP,77688,HP Speaker in Electronics category with premium quality features.
177,Nike Air Purifier,Home Appliances,Nike,89321,Nike Air Purifier in Home Appliances category with premium quality features.
178,Acer Mixer,Home Appliances,Acer,66210,Acer Mixer in Home Appliances category with premium quality features.
179,Lenovo Power Bank,Electronics,Lenovo,59035,Lenovo Power Bank in Electronics category with premium quality features.
180,Nike Jeans,Fashion,Nike,57756,Nike Jeans in Fashion category with premium quality features.
181,Himalaya Sports Shoes,Sports,Himalaya,40624,Himalaya Sports Shoes in Sports category with premium quality features.
182,Dell Deodorant,Beauty,Dell,77914,Dell Deodorant in Beauty category with premium quality features.
183,OnePlus Air Purifier,Home Appliances,OnePlus,99620,OnePlus Air Purifier in Home Appliances category with premium quality features.
184,Asus Body Lotion,Beauty,Asus,27203,Asus Body Lotion in Beauty category with premium quality features.
185,Asus Shampoo,Beauty,Asus,33153,Asus Shampoo in Beauty category with premium quality features.
186,Acer Helmet,Sports,Acer,81740,Acer Helmet in Sports category with premium quality features.
187,Realme Iron,Home Appliances,Realme,43699,Realme Iron in Home Appliances category with premium quality features.
188,Acer Jacket,Fashion,Acer,10231,Acer Jacket in Fashion category with premium quality features.
189,Nivea Football,Sports,Nivea,37320,Nivea Football in Sports category with premium quality features.
190,Sony Math Book,Books,Sony,9722,Sony Math Book in Books category with premium quality features.
191,Asus Tennis Racket,Sports,Asus,19137,Asus Tennis Racket in Sports category with premium quality features.
192,Dell Microwave,Home Appliances,Dell,22366,Dell Microwave in Home Appliances category with premium quality features.
193,Realme Watch,Fashion,Realme,78743,Realme Watch in Fashion category with premium quality features.
194,OnePlus Yoga Mat,Sports,OnePlus,51963,OnePlus Yoga Mat in Sports category with premium quality features.
195,Sony Face Wash,Beauty,Sony,35464,Sony Face Wash in Beauty category with premium quality features.
196,Nivea Sunglasses,Fashion,Nivea,89561,Nivea Sunglasses in Fashion category with premium quality features.
197,Sony Refrigerator,Home Appliances,Sony,71003,Sony Refrigerator in Home Appliances category with premium quality features.
198,LG Shirt,Fashion,LG,1792,LG Shirt in Fashion category with premium quality features.
199,Mi History Book,Books,Mi,45389,Mi History Book in Books category with premium quality features.
200,Loreal Shoes,Fashion,Loreal,66890,Loreal Shoes in Fashion category with premium quality features.
201,Apple Washing Machine,Home Appliances,Apple,51267,Apple Washing Machine in Home Appliances category with premium quality features.
202,Nike Gym Gloves,Sports,Nike,75705,Nike Gym Gloves in Sports category with premium quality features.
203,Dell Washing Machine,Home Appliances,Dell,1639,Dell Washing Machine in Home Appliances category with premium quality features.
204,Puma Jacket,Fashion,Puma,82250,Puma Jacket in Fashion category with premium quality features.
205,Mi Cricket Bat,Sports,Mi,38894,Mi Cricket Bat in Sports category with premium quality features.
206,LG Cap,Fashion,LG,44379,LG Cap in Fashion category with premium quality features.
207,Lenovo Novel,Books,Lenovo,55860,Lenovo Novel in Books category with premium quality features.
208,Adidas Programming Book,Books,Adidas,18585,Adidas Programming Book in Books category with premium quality features.
209,Asus Basketball,Sports,Asus,27845,Asus Basketball in Sports category with premium quality features.
210,Boat Jeans,Fashion,Boat,33461,Boat Jeans in Fashion category with premium quality features.
211,Boat Programming Book,Books,Boat,67852,Boat Programming Book in Books category with premium quality features.
212,Acer Programming Book,Books,Acer,64780,Acer Programming Book in Books category with premium quality features.
213,Sony Air Cooler,Home Appliances,Sony,99223,Sony Air Cooler in Home Appliances category with premium quality features.
214,Boat Monitor,Electronics,Boat,55909,Boat Monitor in Electronics category with premium quality features.
215,Realme Keyboard,Electronics,Realme,21852,Realme Keyboard in Electronics category with premium quality features.
216,Nivea Mixer,Home Appliances,Nivea,61598,Nivea Mixer in Home Appliances category with premium quality features.
217,Philips AI Book,Books,Philips,20000,Philips AI Book in Books category with premium quality features.
218,Himalaya Vacuum Cleaner,Home Appliances,Himalaya,87842,Himalaya Vacuum Cleaner in Home Appliances category with premium quality features.
219,Mi Microwave,Home Appliances,Mi,13202,Mi Microwave in Home Appliances category with premium quality features.
220,Asus Ceiling Fan,Home Appliances,Asus,27639,Asus Ceiling Fan in Home Appliances category with premium quality features.
221,Loreal Exam Guide,Books,Loreal,79473,Loreal Exam Guide in Books category with premium quality features.
222,Acer Shampoo,Beauty,Acer,35579,Acer Shampoo in Beauty category with premium quality features.
223,Apple Perfume,Beauty,Apple,97451,Apple Perfume in Beauty category with premium quality features.
224,Lenovo Earbuds,Electronics,Lenovo,76185,Lenovo Earbuds in Electronics category with premium quality features.
225,Sony Smartphone,Electronics,Sony,29294,Sony Smartphone in Electronics category with premium quality features.
226,Adidas Earbuds,Electronics,Adidas,41960,Adidas Earbuds in Electronics category with premium quality features.
227,Lenovo Basketball,Sports,Lenovo,37130,Lenovo Basketball in Sports category with premium quality features.
228,Acer Water Heater,Home Appliances,Acer,735,Acer Water Heater in Home Appliances category with premium quality features.
229,Realme Face Wash,Beauty,Realme,87628,Realme Face Wash in Beauty category with premium quality features.
230,Loreal Sports Shoes,Sports,Loreal,68120,Loreal Sports Shoes in Sports category with premium quality features.
231,Samsung Sunglasses,Fashion,Samsung,28580,Samsung Sunglasses in Fashion category with premium quality features.
232,Acer Ceiling Fan,Home Appliances,Acer,88584,Acer Ceiling Fan in Home Appliances category with premium quality features.
233,Nike Tennis Racket,Sports,Nike,63308,Nike Tennis Racket in Sports category with premium quality features.
234,Adidas Iron,Home Appliances,Adidas,1756,Adidas Iron in Home Appliances category with premium quality features.
235,Mi Jeans,Fashion,Mi,7744,Mi Jeans in Fashion category with premium quality features.
236,Himalaya Biography,Books,Himalaya,54749,Himalaya Biography in Books category with premium quality features.
237,HP Iron,Home Appliances,HP,44517,HP Iron in Home Appliances category with premium quality features.
238,Mi Power Bank,Electronics,Mi,36499,Mi Power Bank in Electronics category with premium quality features.
239,Himalaya Hoodie,Fashion,Himalaya,66560,Himalaya Hoodie in Fashion category with premium quality features.
240,Acer Water Heater,Home Appliances,Acer,79889,Acer Water Heater in Home Appliances category with premium quality features.
241,Asus Smartphone,Electronics,Asus,30353,Asus Smartphone in Electronics category with premium quality features.
242,Asus AI Book,Books,Asus,40377,Asus AI Book in Books category with premium quality features.
243,Mi Novel,Books,Mi,58651,Mi Novel in Books category with premium quality features.
244,OnePlus Watch,Fashion,OnePlus,41596,OnePlus Watch in Fashion category with premium quality features.
245,OnePlus Cap,Fashion,OnePlus,31078,OnePlus Cap in Fashion category with premium quality features.
246,Samsung Laptop,Electronics,Samsung,20308,Samsung Laptop in Electronics category with premium quality features.
247,Dell Shirt,Fashion,Dell,92139,Dell Shirt in Fashion category with premium quality features.
248,Dell Face Cream,Beauty,Dell,30065,Dell Face Cream in Beauty category with premium quality features.
249,Samsung Business Book,Books,Samsung,10628,Samsung Business Book in Books category with premium quality features.
250,OnePlus Tennis Racket,Sports,OnePlus,55447,OnePlus Tennis Racket in Sports category with premium quality features.
251,Mi Gym Gloves,Sports,Mi,50337,Mi Gym Gloves in Sports category with premium quality features.
252,Mi Novel,Books,Mi,72788,Mi Novel in Books category with premium quality features.
253,Lenovo Shoes,Fashion,Lenovo,60384,Lenovo Shoes in Fashion category with premium quality features.
254,HP Jacket,Fashion,HP,45756,HP Jacket in Fashion category with premium quality features.
255,Sony Novel,Books,Sony,41804,Sony Novel in Books category with premium quality features.
256,Adidas Lip Balm,Beauty,Adidas,78782,Adidas Lip Balm in Beauty category with premium quality features.
257,Sony Shoes,Fashion,Sony,79095,Sony Shoes in Fashion category with premium quality features.
258,Boat Mouse,Electronics,Boat,531,Boat Mouse in Electronics category with premium quality features.
259,LG Novel,Books,LG,23391,LG Novel in Books category with premium quality features.
260,Realme Tablet,Electronics,Realme,97731,Realme Tablet in Electronics category with premium quality features.
261,Loreal Shoes,Fashion,Loreal,80662,Loreal Shoes in Fashion category with premium quality features.
262,Apple Iron,Home Appliances,Apple,61558,Apple Iron in Home Appliances category with premium quality features.
263,Apple Sports Shoes,Sports,Apple,81090,Apple Sports Shoes in Sports category with premium quality features.
264,OnePlus Science Book,Books,OnePlus,76883,OnePlus Science Book in Books category with premium quality features.
265,Realme Power Bank,Electronics,Realme,51423,Realme Power Bank in Electronics category with premium quality features.
266,Adidas Math Book,Books,Adidas,14239,Adidas Math Book in Books category with premium quality features.
267,Realme Refrigerator,Home Appliances,Realme,81761,Realme Refrigerator in Home Appliances category with premium quality features.
268,Philips Power Bank,Electronics,Philips,44331,Philips Power Bank in Electronics category with premium quality features.
269,Samsung Science Book,Books,Samsung,94359,Samsung Science Book in Books category with premium quality features.
270,Asus Exam Guide,Books,Asus,47056,Asus Exam Guide in Books category with premium quality features.
271,Asus Jeans,Fashion,Asus,72518,Asus Jeans in Fashion category with premium quality features.
272,Acer Mouse,Electronics,Acer,72840,Acer Mouse in Electronics category with premium quality features.
273,Nivea Cap,Fashion,Nivea,1403,Nivea Cap in Fashion category with premium quality features.
274,Puma Keyboard,Electronics,Puma,85753,Puma Keyboard in Electronics category with premium quality features.
275,OnePlus Exam Guide,Books,OnePlus,75187,OnePlus Exam Guide in Books category with premium quality features.
276,HP Power Bank,Electronics,HP,33022,HP Power Bank in Electronics category with premium quality features.
277,Adidas Smartphone,Electronics,Adidas,96336,Adidas Smartphone in Electronics category with premium quality features.
278,Acer Hair Oil,Beauty,Acer,96727,Acer Hair Oil in Beauty category with premium quality features.
279,Lenovo Power Bank,Electronics,Lenovo,34965,Lenovo Power Bank in Electronics category with premium quality features.
280,Lenovo Face Wash,Beauty,Lenovo,52904,Lenovo Face Wash in Beauty category with premium quality features.
281,Adidas Shirt,Fashion,Adidas,2456,Adidas Shirt in Fashion category with premium quality features.
282,Realme Watch,Fashion,Realme,35754,Realme Watch in Fashion category with premium quality features.
283,Adidas Gym Gloves,Sports,Adidas,60439,Adidas Gym Gloves in Sports category with premium quality features.
284,Asus Tablet,Electronics,Asus,39297,Asus Tablet in Electronics category with premium quality features.
285,OnePlus Speaker,Electronics,OnePlus,72395,OnePlus Speaker in Electronics category with premium quality features.
286,OnePlus Story Book,Books,OnePlus,39849,OnePlus Story Book in Books category with premium quality features.
287,HP Dumbbells,Sports,HP,72110,HP Dumbbells in Sports category with premium quality features.
288,Philips Cap,Fashion,Philips,16074,Philips Cap in Fashion category with premium quality features.
289,Boat Hoodie,Fashion,Boat,89385,Boat Hoodie in Fashion category with premium quality features.
290,Dell Jeans,Fashion,Dell,99927,Dell Jeans in Fashion category with premium quality features.
291,HP Jacket,Fashion,HP,71523,HP Jacket in Fashion category with premium quality features.
292,Asus Basketball,Sports,Asus,62370,Asus Basketball in Sports category with premium quality features.
293,Boat Gym Gloves,Sports,Boat,3719,Boat Gym Gloves in Sports category with premium quality features.
294,Philips Monitor,Electronics,Philips,51395,Philips Monitor in Electronics category with premium quality features.
295,Adidas Air Purifier,Home Appliances,Adidas,5190,Adidas Air Purifier in Home Appliances category with premium quality features.
296,Apple Shoes,Fashion,Apple,19010,Apple Shoes in Fashion category with premium quality features.
297,Apple Laptop,Electronics,Apple,87186,Apple Laptop in Electronics category with premium quality features.
298,Apple Science Book,Books,Apple,13789,Apple Science Book in Books category with premium quality features.
299,Puma Air Cooler,Home Appliances,Puma,84066,Puma Air Cooler in Home Appliances category with premium quality features.
300,Sony Jeans,Fashion,Sony,86459,Sony Jeans in Fashion category with premium quality features.
301,Boat Programming Book,Books,Boat,55299,Boat Programming Book in Books category with premium quality features.
302,Sony Skipping Rope,Sports,Sony,76034,Sony Skipping Rope in Sports category with premium quality features.
303,Himalaya Ceiling Fan,Home Appliances,Himalaya,83781,Himalaya Ceiling Fan in Home Appliances category with premium quality features.
304,Asus Deodorant,Beauty,Asus,49352,Asus Deodorant in Beauty category with premium quality features.
305,Boat Math Book,Books,Boat,3902,Boat Math Book in Books category with premium quality features.
306,Puma Story Book,Books,Puma,33044,Puma Story Book in Books category with premium quality features.
307,HP Washing Machine,Home Appliances,HP,26919,HP Washing Machine in Home Appliances category with premium quality features.
308,Realme History Book,Books,Realme,7582,Realme History Book in Books category with premium quality features.
309,Nike Laptop,Electronics,Nike,25654,Nike Laptop in Electronics category with premium quality features.
310,Sony Math Book,Books,Sony,79551,Sony Math Book in Books category with premium quality features.
311,Realme Skipping Rope,Sports,Realme,44082,Realme Skipping Rope in Sports category with premium quality features.
312,Asus Face Cream,Beauty,Asus,33307,Asus Face Cream in Beauty category with premium quality features.
313,Realme Gym Gloves,Sports,Realme,48850,Realme Gym Gloves in Sports category with premium quality features.
314,Sony Business Book,Books,Sony,28944,Sony Business Book in Books category with premium quality features.
315,Loreal Hair Oil,Beauty,Loreal,14321,Loreal Hair Oil in Beauty category with premium quality features.
316,Puma Mouse,Electronics,Puma,59005,Puma Mouse in Electronics category with premium quality features.
317,HP Programming Book,Books,HP,30525,HP Programming Book in Books category with premium quality features.
318,Philips Earbuds,Electronics,Philips,28752,Philips Earbuds in Electronics category with premium quality features.
319,Mi Shirt,Fashion,Mi,85879,Mi Shirt in Fashion category with premium quality features.
320,Mi Gym Gloves,Sports,Mi,55510,Mi Gym Gloves in Sports category with premium quality features.
321,Philips Watch,Fashion,Philips,84636,Philips Watch in Fashion category with premium quality features.
322,Acer Air Cooler,Home Appliances,Acer,75589,Acer Air Cooler in Home Appliances category with premium quality features.
323,Himalaya Sneakers,Fashion,Himalaya,86743,Himalaya Sneakers in Fashion category with premium quality features.
324,Philips AI Book,Books,Philips,70076,Philips AI Book in Books category with premium quality features.
325,LG History Book,Books,LG,89181,LG History Book in Books category with premium quality features.
326,Puma Speaker,Electronics,Puma,65916,Puma Speaker in Electronics category with premium quality features.
327,Nike Face Wash,Beauty,Nike,55314,Nike Face Wash in Beauty category with premium quality features.
328,Loreal Water Heater,Home Appliances,Loreal,87615,Loreal Water Heater in Home Appliances category with premium quality features.
329,Asus Earbuds,Electronics,Asus,13007,Asus Earbuds in Electronics category with premium quality features.
330,Acer Body Lotion,Beauty,Acer,51366,Acer Body Lotion in Beauty category with premium quality features.
331,Dell Speaker,Electronics,Dell,50923,Dell Speaker in Electronics category with premium quality features.
332,Lenovo History Book,Books,Lenovo,1164,Lenovo History Book in Books category with premium quality features.
333,Mi Vacuum Cleaner,Home Appliances,Mi,16568,Mi Vacuum Cleaner in Home Appliances category with premium quality features.
334,Nivea Sunglasses,Fashion,Nivea,31121,Nivea Sunglasses in Fashion category with premium quality features.
335,Samsung Programming Book,Books,Samsung,26625,Samsung Programming Book in Books category with premium quality features.
336,Samsung Exam Guide,Books,Samsung,56578,Samsung Exam Guide in Books category with premium quality features.
337,Himalaya Novel,Books,Himalaya,35783,Himalaya Novel in Books category with premium quality features.
338,Nivea Keyboard,Electronics,Nivea,15608,Nivea Keyboard in Electronics category with premium quality features.
339,Apple Ceiling Fan,Home Appliances,Apple,15516,Apple Ceiling Fan in Home Appliances category with premium quality features.
340,LG Math Book,Books,LG,87025,LG Math Book in Books category with premium quality features.
341,Apple Earbuds,Electronics,Apple,90056,Apple Earbuds in Electronics category with premium quality features.
342,Asus Ceiling Fan,Home Appliances,Asus,5716,Asus Ceiling Fan in Home Appliances category with premium quality features.
343,Nivea Keyboard,Electronics,Nivea,21774,Nivea Keyboard in Electronics category with premium quality features.
344,Puma AI Book,Books,Puma,52848,Puma AI Book in Books category with premium quality features.
345,Asus Sneakers,Fashion,Asus,56725,Asus Sneakers in Fashion category with premium quality features.
346,Asus Water Heater,Home Appliances,Asus,72561,Asus Water Heater in Home Appliances category with premium quality features.
347,Adidas Power Bank,Electronics,Adidas,8981,Adidas Power Bank in Electronics category with premium quality features.
348,Nivea Exam Guide,Books,Nivea,99880,Nivea Exam Guide in Books category with premium quality features.
349,Acer Football,Sports,Acer,60961,Acer Football in Sports category with premium quality features.
350,Adidas Vacuum Cleaner,Home Appliances,Adidas,38891,Adidas Vacuum Cleaner in Home Appliances category with premium quality features.
351,Realme Math Book,Books,Realme,15710,Realme Math Book in Books category with premium quality features.
352,Boat Face Wash,Beauty,Boat,51666,Boat Face Wash in Beauty category with premium quality features.
353,Nike History Book,Books,Nike,29557,Nike History Book in Books category with premium quality features.
354,Acer History Book,Books,Acer,30206,Acer History Book in Books category with premium quality features.
355,Nike Mixer,Home Appliances,Nike,48658,Nike Mixer in Home Appliances category with premium quality features.
356,Nike Cap,Fashion,Nike,64982,Nike Cap in Fashion category with premium quality features.
357,OnePlus Tablet,Electronics,OnePlus,59380,OnePlus Tablet in Electronics category with premium quality features.
358,Apple Sports Shoes,Sports,Apple,17778,Apple Sports Shoes in Sports category with premium quality features.
359,LG Business Book,Books,LG,11557,LG Business Book in Books category with premium quality features.
360,Himalaya Refrigerator,Home Appliances,Himalaya,22006,Himalaya Refrigerator in Home Appliances category with premium quality features.
361,Nike Cap,Fashion,Nike,7316,Nike Cap in Fashion category with premium quality features.
362,Acer Shoes,Fashion,Acer,48556,Acer Shoes in Fashion category with premium quality features.
363,Acer Tablet,Electronics,Acer,13302,Acer Tablet in Electronics category with premium quality features.
364,Himalaya Vacuum Cleaner,Home Appliances,Himalaya,41294,Himalaya Vacuum Cleaner in Home Appliances category with premium quality features.
365,Nivea Shirt,Fashion,Nivea,83985,Nivea Shirt in Fashion category with premium quality features.
366,Dell Ceiling Fan,Home Appliances,Dell,16507,Dell Ceiling Fan in Home Appliances category with premium quality features.
367,Puma Cricket Bat,Sports,Puma,91470,Puma Cricket Bat in Sports category with premium quality features.
368,OnePlus T-Shirt,Fashion,OnePlus,67277,OnePlus T-Shirt in Fashion category with premium quality features.
369,Samsung Earbuds,Electronics,Samsung,82781,Samsung Earbuds in Electronics category with premium quality features.
370,Nivea Sports Shoes,Sports,Nivea,13812,Nivea Sports Shoes in Sports category with premium quality features.
371,HP Tablet,Electronics,HP,28108,HP Tablet in Electronics category with premium quality features.
372,Acer Ceiling Fan,Home Appliances,Acer,89217,Acer Ceiling Fan in Home Appliances category with premium quality features.
373,Sony Exam Guide,Books,Sony,73331,Sony Exam Guide in Books category with premium quality features.
374,HP History Book,Books,HP,28410,HP History Book in Books category with premium quality features.
375,Philips Sports Shoes,Sports,Philips,47849,Philips Sports Shoes in Sports category with premium quality features.
376,Sony Football,Sports,Sony,40155,Sony Football in Sports category with premium quality features.
377,Apple Shampoo,Beauty,Apple,20563,Apple Shampoo in Beauty category with premium quality features.
378,Nike Smart Watch,Electronics,Nike,61033,Nike Smart Watch in Electronics category with premium quality features.
379,Lenovo Air Cooler,Home Appliances,Lenovo,18592,Lenovo Air Cooler in Home Appliances category with premium quality features.
380,Apple Tablet,Electronics,Apple,15683,Apple Tablet in Electronics category with premium quality features.
381,Adidas Watch,Fashion,Adidas,95403,Adidas Watch in Fashion category with premium quality features.
382,Asus Biography,Books,Asus,24011,Asus Biography in Books category with premium quality features.
383,Philips Shampoo,Beauty,Philips,96364,Philips Shampoo in Beauty category with premium quality features.
384,Samsung Shoes,Fashion,Samsung,71371,Samsung Shoes in Fashion category with premium quality features.
385,Loreal T-Shirt,Fashion,Loreal,63869,Loreal T-Shirt in Fashion category with premium quality features.
386,Asus Tennis Racket,Sports,Asus,67180,Asus Tennis Racket in Sports category with premium quality features.
387,OnePlus Hair Oil,Beauty,OnePlus,55446,OnePlus Hair Oil in Beauty category with premium quality features.
388,Asus Mixer,Home Appliances,Asus,81629,Asus Mixer in Home Appliances category with premium quality features.
389,Asus Air Cooler,Home Appliances,Asus,77771,Asus Air Cooler in Home Appliances category with premium quality features.
390,Nike Deodorant,Beauty,Nike,13799,Nike Deodorant in Beauty category with premium quality features.
391,Asus Sports Shoes,Sports,Asus,50660,Asus Sports Shoes in Sports category with premium quality features.
392,Acer History Book,Books,Acer,93258,Acer History Book in Books category with premium quality features.
393,Dell Smartphone,Electronics,Dell,61608,Dell Smartphone in Electronics category with premium quality features.
394,Nivea Monitor,Electronics,Nivea,96480,Nivea Monitor in Electronics category with premium quality features.
395,Apple Washing Machine,Home Appliances,Apple,88018,Apple Washing Machine in Home Appliances category with premium quality features.
396,Sony Tablet,Electronics,Sony,37970,Sony Tablet in Electronics category with premium quality features.
397,HP Speaker,Electronics,HP,31452,HP Speaker in Electronics category with premium quality features.
398,Samsung Dumbbells,Sports,Samsung,87604,Samsung Dumbbells in Sports category with premium quality features.
399,LG Mixer,Home Appliances,LG,4784,LG Mixer in Home Appliances category with premium quality features.
400,Asus Yoga Mat,Sports,Asus,51770,Asus Yoga Mat in Sports category with premium quality features.
401,Asus Monitor,Electronics,Asus,32547,Asus Monitor in Electronics category with premium quality features.
402,Asus Earbuds,Electronics,Asus,93764,Asus Earbuds in Electronics category with premium quality features.
403,Dell Water Heater,Home Appliances,Dell,40103,Dell Water Heater in Home Appliances category with premium quality features.
404,Puma Gym Gloves,Sports,Puma,34440,Puma Gym Gloves in Sports category with premium quality features.
405,HP Biography,Books,HP,24834,HP Biography in Books category with premium quality features.
406,Asus Business Book,Books,Asus,94550,Asus Business Book in Books category with premium quality features.
407,Adidas Business Book,Books,Adidas,48278,Adidas Business Book in Books category with premium quality features.
408,Nike History Book,Books,Nike,6423,Nike History Book in Books category with premium quality features.
409,Apple AI Book,Books,Apple,28346,Apple AI Book in Books category with premium quality features.
410,HP Shampoo,Beauty,HP,84647,HP Shampoo in Beauty category with premium quality features.
411,LG Sunscreen,Beauty,LG,88446,LG Sunscreen in Beauty category with premium quality features.
412,Samsung Biography,Books,Samsung,18186,Samsung Biography in Books category with premium quality features.
413,Philips Skipping Rope,Sports,Philips,43650,Philips Skipping Rope in Sports category with premium quality features.
414,Asus Body Lotion,Beauty,Asus,38248,Asus Body Lotion in Beauty category with premium quality features.
415,Loreal Earbuds,Electronics,Loreal,21764,Loreal Earbuds in Electronics category with premium quality features.
416,Sony Cricket Bat,Sports,Sony,86692,Sony Cricket Bat in Sports category with premium quality features.
417,LG Laptop,Electronics,LG,92953,LG Laptop in Electronics category with premium quality features.
418,Samsung Sunscreen,Beauty,Samsung,97803,Samsung Sunscreen in Beauty category with premium quality features.
419,Asus Tennis Racket,Sports,Asus,67419,Asus Tennis Racket in Sports category with premium quality features.
420,Asus Body Lotion,Beauty,Asus,41752,Asus Body Lotion in Beauty category with premium quality features.
421,Realme Hair Oil,Beauty,Realme,53384,Realme Hair Oil in Beauty category with premium quality features.
422,Himalaya AI Book,Books,Himalaya,23292,Himalaya AI Book in Books category with premium quality features.
423,Puma Programming Book,Books,Puma,56475,Puma Programming Book in Books category with premium quality features.
424,Adidas Smart Watch,Electronics,Adidas,29832,Adidas Smart Watch in Electronics category with premium quality features.
425,Nivea Shampoo,Beauty,Nivea,78610,Nivea Shampoo in Beauty category with premium quality features.
426,Samsung Smart Watch,Electronics,Samsung,89749,Samsung Smart Watch in Electronics category with premium quality features.
427,Asus Speaker,Electronics,Asus,30597,Asus Speaker in Electronics category with premium quality features.
428,Philips Lip Balm,Beauty,Philips,5326,Philips Lip Balm in Beauty category with premium quality features.
429,Dell Skipping Rope,Sports,Dell,2983,Dell Skipping Rope in Sports category with premium quality features.
430,Nike Jeans,Fashion,Nike,83601,Nike Jeans in Fashion category with premium quality features.
431,Philips Cap,Fashion,Philips,86841,Philips Cap in Fashion category with premium quality features.
432,HP Shampoo,Beauty,HP,45023,HP Shampoo in Beauty category with premium quality features.
433,Nivea Sunglasses,Fashion,Nivea,11568,Nivea Sunglasses in Fashion category with premium quality features.
434,OnePlus Business Book,Books,OnePlus,87426,OnePlus Business Book in Books category with premium quality features.
435,Adidas Watch,Fashion,Adidas,2678,Adidas Watch in Fashion category with premium quality features.
436,Adidas Shampoo,Beauty,Adidas,26733,Adidas Shampoo in Beauty category with premium quality features.
437,Sony Body Lotion,Beauty,Sony,5212,Sony Body Lotion in Beauty category with premium quality features.
438,HP Helmet,Sports,HP,1852,HP Helmet in Sports category with premium quality features.
439,Asus Face Cream,Beauty,Asus,3536,Asus Face Cream in Beauty category with premium quality features.
440,Philips Refrigerator,Home Appliances,Philips,93362,Philips Refrigerator in Home Appliances category with premium quality features.
441,HP Earbuds,Electronics,HP,9586,HP Earbuds in Electronics category with premium quality features.
442,HP Gym Gloves,Sports,HP,58176,HP Gym Gloves in Sports category with premium quality features.
443,Philips Jacket,Fashion,Philips,975,Philips Jacket in Fashion category with premium quality features.
444,OnePlus Skipping Rope,Sports,OnePlus,12234,OnePlus Skipping Rope in Sports category with premium quality features.
445,Nike Biography,Books,Nike,83772,Nike Biography in Books category with premium quality features.
446,Samsung Keyboard,Electronics,Samsung,46857,Samsung Keyboard in Electronics category with premium quality features.
447,Nivea Story Book,Books,Nivea,47631,Nivea Story Book in Books category with premium quality features.
448,Philips T-Shirt,Fashion,Philips,71246,Philips T-Shirt in Fashion category with premium quality features.
449,Realme Biography,Books,Realme,21702,Realme Biography in Books category with premium quality features.
450,Himalaya Vacuum Cleaner,Home Appliances,Himalaya,1014,Himalaya Vacuum Cleaner in Home Appliances category with premium quality features.
451,OnePlus Iron,Home Appliances,OnePlus,44838,OnePlus Iron in Home Appliances category with premium quality features.
452,Lenovo Biography,Books,Lenovo,19249,Lenovo Biography in Books category with premium quality features.
453,Philips Power Bank,Electronics,Philips,50848,Philips Power Bank in Electronics category with premium quality features.
454,Asus Story Book,Books,Asus,83805,Asus Story Book in Books category with premium quality features.
455,Mi Lip Balm,Beauty,Mi,4254,Mi Lip Balm in Beauty category with premium quality features.
456,Adidas Face Cream,Beauty,Adidas,54248,Adidas Face Cream in Beauty category with premium quality features.
457,Samsung Tennis Racket,Sports,Samsung,95951,Samsung Tennis Racket in Sports category with premium quality features.
458,LG Monitor,Electronics,LG,8656,LG Monitor in Electronics category with premium quality features.
459,LG Speaker,Electronics,LG,86889,LG Speaker in Electronics category with premium quality features.
460,Nivea Jacket,Fashion,Nivea,28398,Nivea Jacket in Fashion category with premium quality features.
461,LG Sunscreen,Beauty,LG,6556,LG Sunscreen in Beauty category with premium quality features.
462,Loreal Hoodie,Fashion,Loreal,48935,Loreal Hoodie in Fashion category with premium quality features.
463,Realme Novel,Books,Realme,59785,Realme Novel in Books category with premium quality features.
464,Samsung Exam Guide,Books,Samsung,21004,Samsung Exam Guide in Books category with premium quality features.
465,Nike Tablet,Electronics,Nike,41527,Nike Tablet in Electronics category with premium quality features.
466,Himalaya Sunscreen,Beauty,Himalaya,96745,Himalaya Sunscreen in Beauty category with premium quality features.
467,LG Air Purifier,Home Appliances,LG,70296,LG Air Purifier in Home Appliances category with premium quality features.
468,Apple Earbuds,Electronics,Apple,8574,Apple Earbuds in Electronics category with premium quality features.
469,Acer Jacket,Fashion,Acer,39705,Acer Jacket in Fashion category with premium quality features.
470,Realme Novel,Books,Realme,66342,Realme Novel in Books category with premium quality features.
471,Nike Mixer,Home Appliances,Nike,35531,Nike Mixer in Home Appliances category with premium quality features.
472,Asus Story Book,Books,Asus,87216,Asus Story Book in Books category with premium quality features.
473,Realme Novel,Books,Realme,99176,Realme Novel in Books category with premium quality features.
474,Loreal Smart Watch,Electronics,Loreal,17937,Loreal Smart Watch in Electronics category with premium quality features.
475,Lenovo Perfume,Beauty,Lenovo,84315,Lenovo Perfume in Beauty category with premium quality features.
476,Samsung Tennis Racket,Sports,Samsung,52944,Samsung Tennis Racket in Sports category with premium quality features.
477,Nivea Mixer,Home Appliances,Nivea,76547,Nivea Mixer in Home Appliances category with premium quality features.
478,HP Sports Shoes,Sports,HP,42762,HP Sports Shoes in Sports category with premium quality features.
479,Himalaya Novel,Books,Himalaya,28866,Himalaya Novel in Books category with premium quality features.
480,LG Basketball,Sports,LG,63260,LG Basketball in Sports category with premium quality features.
481,Realme Hair Oil,Beauty,Realme,56988,Realme Hair Oil in Beauty category with premium quality features.
482,Acer Programming Book,Books,Acer,31822,Acer Programming Book in Books category with premium quality features.
483,Samsung Tennis Racket,Sports,Samsung,14005,Samsung Tennis Racket in Sports category with premium quality features.
484,Samsung Face Wash,Beauty,Samsung,50028,Samsung Face Wash in Beauty category with premium quality features.
485,Puma Vacuum Cleaner,Home Appliances,Puma,7644,Puma Vacuum Cleaner in Home Appliances category with premium quality features.
486,HP Biography,Books,HP,63560,HP Biography in Books category with premium quality features.
487,Realme Gym Gloves,Sports,Realme,62274,Realme Gym Gloves in Sports category with premium quality features.
488,Samsung Keyboard,Electronics,Samsung,78577,Samsung Keyboard in Electronics category with premium quality features.
489,Loreal Cricket Bat,Sports,Loreal,48117,Loreal Cricket Bat in Sports category with premium quality features.
490,HP Yoga Mat,Sports,HP,34086,HP Yoga Mat in Sports category with premium quality features.
491,Lenovo Jeans,Fashion,Lenovo,34094,Lenovo Jeans in Fashion category with premium quality features.
492,Himalaya Air Cooler,Home Appliances,Himalaya,2786,Himalaya Air Cooler in Home Appliances category with premium quality features.
493,Adidas Smartphone,Electronics,Adidas,87873,Adidas Smartphone in Electronics category with premium quality features.
494,Dell Vacuum Cleaner,Home Appliances,Dell,55434,Dell Vacuum Cleaner in Home Appliances category with premium quality features.
495,Nike Keyboard,Electronics,Nike,45344,Nike Keyboard in Electronics category with premium quality features.
496,Samsung Jacket,Fashion,Samsung,5600,Samsung Jacket in Fashion category with premium quality features.
497,Loreal Tennis Racket,Sports,Loreal,43276,Loreal Tennis Racket in Sports category with premium quality features.
498,OnePlus Speaker,Electronics,OnePlus,60763,OnePlus Speaker in Electronics category with premium quality features.
499,Asus Hoodie,Fashion,Asus,2267,Asus Hoodie in Fashion category with premium quality features.
500,OnePlus Air Purifier,Home Appliances,OnePlus,27366,OnePlus Air Purifier in Home Appliances category with premium quality features.
